n,rho,p
46,-0.3950984812499092,0.006578077449773599
