sample,n,slope,se,t,p,ci_low,ci_high,r_squared,adj_r_squared,std_beta,effect_per_10_blame_points
primary,46,-0.30527862244477716,0.1176426605119193,-2.59496530524186,0.012805307281138515,-0.5423718258117951,-0.06818541907775919,0.13272885080919997,0.11301814287304546,-0.3643197096084699,-3.0527862244477717
