sample,n,slope,se,t,p,ci_low,ci_high,r_squared,effect_per_10_blame_points
primary_real_only,42,-0.2361502422360745,0.12130755625083775,-1.94670678014292,0.058616420170491706,-0.48132195883283657,0.009021474360687537,0.08654250015061254,-2.3615024223607453
