term,n,logit_slope,se,z,p,odds_ratio,or_ci_low,or_ci_high
self_blame_c,46,0.04116115317607879,0.023452707043355593,1.7550704530605643,0.0792472575611685,1.0420200168506493,0.9952053784418895,1.0910368241954072
